{
    "vmin": [
        -0.851562,
        0.0,
        -0.464844
    ],
    "vmax": [
        0.849609,
        1.900391,
        0.462891
    ],
    "centroid": [
        0.07544269895193266,
        1.08739029598844,
        0.1219668904951203
    ],
    "scale": 1.3503976907930173,
    "bins": 1024,
    "shifted_mm": false,
    "shifted_us": true
}