{
  "centroids_mm": [
    [
      -0.0009765000000000468,
      0.9501955,
      -0.0009764999999999913
    ],
    [
      0.5869144038643348,
      0.4007201280145658,
      0.8210378312003261
    ],
    [
      0.7515032846776695,
      -0.8600560575467843,
      -0.18272003756722555
    ],
    [
      0.3440038107116541,
      -0.6526104929485653,
      -0.8851392748595021
    ],
    [
      0.7824114961949669,
      0.5568528287676706,
      -0.047346058130300045
    ]
  ],
  "centroids_us": [
    [
      0.07544269895193266,
      1.08739029598844,
      0.1219668904951203
    ],
    [
      0.5101541628328152,
      0.42864385410262557,
      0.8189540092747652
    ],
    [
      0.7526286112071185,
      -0.7056133339524996,
      -0.2067959016851908
    ],
    [
      0.4680109733943166,
      -0.7000329089987883,
      -0.7761793553291008
    ],
    [
      0.9248908236500546,
      0.33671992126545736,
      0.11047090073347123
    ]
  ],
  "scales_mm": [
    1.900391,
    2.1743129017117875,
    2.276084796783244,
    1.7341687340629435,
    1.7836447486347113
  ],
  "scales_us": [
    1.3503976907930173,
    1.3503976907930195,
    1.3503976907930222,
    1.3503976907930217,
    1.3503976907930229
  ],
  "centroid_mm_std": [
    0.29175855189739125,
    0.7082243933220596,
    0.5432829594729948
  ],
  "centroid_us_std": [
    0.2881127456225469,
    0.6967766763512415,
    0.5180826543132702
  ],
  "scale_mm_std": 0.21473357212350364,
  "scale_us_std": 2.044740276336181e-15
}