{
  "centroids_mm": [
    [
      -0.0009765000000000468,
      0.9501955,
      -0.0009764999999999913
    ],
    [
      0.8384629992907808,
      0.5178435995875781,
      -0.4287836152960633
    ],
    [
      -0.7830755601629668,
      -0.32104090583739026,
      0.7356578200420189
    ],
    [
      -0.8084657101118523,
      0.7098236845212633,
      0.14011217021021438
    ],
    [
      0.7987404097664861,
      0.4933812174278798,
      -0.8055957797876492
    ]
  ],
  "centroids_us": [
    [
      0.07544269895193266,
      1.08739029598844,
      0.1219668904951203
    ],
    [
      0.8475013480769169,
      0.58857437342233,
      -0.3870607613693342
    ],
    [
      -0.8965375057518694,
      -0.04016191134269487,
      0.6391118026219371
    ],
    [
      -0.5680129016079751,
      0.8263765874065298,
      0.3103848029177171
    ],
    [
      0.6068270699043639,
      0.4280844102348229,
      -0.8648209035112112
    ]
  ],
  "scales_mm": [
    1.900391,
    2.1849123533725874,
    1.8657767970811534,
    1.8473642421571672,
    1.646267587004036
  ],
  "scales_us": [
    1.3503976907930173,
    1.3503976907930195,
    1.3503976907930206,
    1.3503976907930229,
    1.3503976907930206
  ],
  "centroid_mm_std": [
    0.722140176560535,
    0.42817858790135155,
    0.5230304669040954
  ],
  "centroid_us_std": [
    0.6659964918837791,
    0.38101969475822606,
    0.5312061049200781
  ],
  "scale_mm_std": 0.17256056152676064,
  "scale_us_std": 1.8038988979531736e-15
}