{
  "centroids_mm": [
    [
      0.0,
      0.421585,
      0.0
    ],
    [
      -0.3237262746300238,
      0.13205109396262513,
      0.12838698731493373
    ],
    [
      -0.013129249623730188,
      0.08148013617494718,
      -0.40814357799755807
    ],
    [
      -0.2009404633919733,
      0.08492259564638846,
      -0.4269881218411055
    ],
    [
      0.11179097446666833,
      0.17144892898495093,
      -0.19181608736205658
    ]
  ],
  "centroids_us": [
    [
      -0.0039873706422020655,
      0.4108673321100909,
      -0.00045412844036697253
    ],
    [
      -0.32714982315483593,
      0.13578259021471062,
      0.13202251600391554
    ],
    [
      0.0021471665559697024,
      0.08008243195601095,
      -0.4083193950647493
    ],
    [
      -0.2039193431481467,
      0.09584377748766874,
      -0.4291828251511308
    ],
    [
      0.12149712999819826,
      0.17375506599729898,
      -0.20126764844264852
    ]
  ],
  "scales_mm": [
    1.0,
    1.037783355484327,
    1.0379550090050669,
    0.8638366386044277,
    1.2079461796043678
  ],
  "scales_us": [
    0.6142682859356015,
    0.6142682859356022,
    0.6142682859356019,
    0.6142682859356017,
    0.6142682859356025
  ],
  "centroid_mm_std": [
    0.1559162054638106,
    0.1260689615675783,
    0.21940572650615103
  ],
  "centroid_us_std": [
    0.16095972231471906,
    0.1202971335767006,
    0.22102422383297352
  ],
  "scale_mm_std": 0.10981597278163904,
  "scale_us_std": 3.6821932062951477e-16
}