{
  "centroids_mm": [
    [
      0.0,
      0.421585,
      0.0
    ],
    [
      -0.1937583199444239,
      0.4639930828019083,
      -0.0032220632244227554
    ],
    [
      0.36403043284857795,
      -0.31327047039240996,
      0.21192297270333213
    ],
    [
      -0.3249074126656226,
      -0.2502017068907286,
      -0.21416580134098023
    ],
    [
      0.09417576260795513,
      -0.2583113945873874,
      0.18081101198213084
    ]
  ],
  "centroids_us": [
    [
      -0.0039873706422020655,
      0.4108673321100909,
      -0.00045412844036697253
    ],
    [
      -0.19919484120274217,
      0.46801890506488697,
      0.00551308596925839
    ],
    [
      0.3729288880852137,
      -0.31951100350357203,
      0.2181445614630893
    ],
    [
      -0.32877756307164957,
      -0.2612862217406517,
      -0.22192689503004365
    ],
    [
      0.0949382574256086,
      -0.26091400710126883,
      0.19183537117364377
    ]
  ],
  "scales_mm": [
    1.0,
    1.0957727396555648,
    1.1922579713503285,
    1.1583005127814867,
    1.1179613766497605
  ],
  "scales_us": [
    0.6142682859356015,
    0.6142682859356029,
    0.6142682859356015,
    0.6142682859356018,
    0.6142682859356022
  ],
  "centroid_mm_std": [
    0.23822815640847514,
    0.35204363465701816,
    0.15318752442717665
  ],
  "centroid_us_std": [
    0.24292254943846295,
    0.35383927256018105,
    0.15887829170999107
  ],
  "scale_mm_std": 0.06545877505001536,
  "scale_us_std": 5.484097192022683e-16
}