{
    "vmin": [
        -1.0,
        -1.0,
        -1.0
    ],
    "vmax": [
        1.0,
        1.0,
        1.0
    ],
    "centroid": [
        -2.6020852139652106e-18,
        0.0,
        2.7755575615628914e-17
    ],
    "scale": 1.4142137811865645,
    "bins": 1024,
    "shifted_mm": 