{
  "centroids_mm": [
    [
      0.0,
      0.4522095,
      0.0
    ],
    [
      0.0036290976315087042,
      -0.49342711805173967,
      0.14709865278026166
    ],
    [
      0.3040984388366069,
      0.11119218681729019,
      -0.2219159653388279
    ],
    [
      0.1262581352806828,
      0.12456212518825757,
      -0.40222662416953664
    ],
    [
      0.06619792301805266,
      0.35461831186246145,
      0.1759106004970543
    ]
  ],
  "centroids_us": [
    [
      0.0019820332142856706,
      0.40218390690476236,
      0.014128023333333274
    ],
    [
      -0.040508906074739434,
      -0.4508644969732429,
      0.1854714103032964
    ],
    [
      0.2596104568271679,
      0.05905142218925097,
      -0.2925345920617935
    ],
    [
      0.10474477484539581,
      0.12397432345889643,
      -0.37480547178619944
    ],
    [
      0.0048021914938257484,
      0.32258370027563,
      0.1580198921660886
    ]
  ],
  "scales_mm": [
    1.0,
    0.9719307164238757,
    0.9236109269596662,
    0.9800094212754471,
    0.8994314978999117
  ],
  "scales_us": [
    0.5305754183275478,
    0.5305754183275475,
    0.5305754183275486,
    0.5305754183275483,
    0.530575418327548
  ],
  "centroid_mm_std": [
    0.1120496201637131,
    0.3290237320271261,
    0.22157583290700247
  ],
  "centroid_us_std": [
    0.10786445750336879,
    0.2987275818416001,
    0.23084183915484505
  ],
  "scale_mm_std": 0.03744396502061324,
  "scale_us_std": 3.813741331030777e-16
}