{
  "centroids_mm": [
    [
      0.0,
      0.4522095,
      0.0
    ],
    [
      -0.473933578494153,
      -0.2587880712179035,
      0.07828044523883776
    ],
    [
      0.3124079274907238,
      0.2027129192472779,
      -0.031748129988843965
    ],
    [
      -0.10387706198679027,
      0.34559133380487,
      0.22358704911606225
    ],
    [
      -0.004758234751264134,
      0.1369052692387302,
      0.43072356070299844
    ]
  ],
  "centroids_us": [
    [
      0.0019820332142856706,
      0.40218390690476236,
      0.014128023333333274
    ],
    [
      -0.42974390304918664,
      -0.21707050874126682,
      0.16572846913164704
    ],
    [
      0.27252616955850567,
      0.19128714262844107,
      -0.01767420236499523
    ],
    [
      -0.11679321369175831,
      0.31889569494390996,
      0.2232703239005578
    ],
    [
      -0.049649215058847465,
      0.08563152382799175,
      0.38327358585534044
    ]
  ],
  "scales_mm": [
    1.0,
    0.9260356249909686,
    0.9550274422254271,
    0.929061174027367,
    0.8896740046887961
  ],
  "scales_us": [
    0.5305754183275478,
    0.5305754183275453,
    0.5305754183275475,
    0.5305754183275487,
    0.5305754183275473
  ],
  "centroid_mm_std": [
    0.2523598411995709,
    0.2434482197241805,
    0.16994914828724947
  ],
  "centroid_us_std": [
    0.22555026018135677,
    0.21564779649637436,
    0.14597135954245463
  ],
  "scale_mm_std": 0.036532679523992036,
  "scale_us_std": 1.1343850103213527e-15
}