{
  "centroids_mm": [
    [
      0.0,
      0.5,
      0.0
    ],
    [
      -0.17702497844984888,
      0.3285053806084067,
      0.40253394505064155
    ],
    [
      0.155587989541907,
      0.25581851651191095,
      0.29074871811109637
    ],
    [
      0.46079306211348225,
      -0.2792824031538588,
      -0.15494783395878808
    ],
    [
      -0.06252037089879792,
      0.3336675759457428,
      0.3263264828889296
    ]
  ],
  "centroids_us": [
    [
      0.021710707317073325,
      0.30250146341463324,
      -0.004353570493753718
    ],
    [
      -0.07879314781717067,
      0.2205010526063376,
      0.2737331134170644
    ],
    [
      0.07885762501263373,
      0.14972395129611588,
      0.14386512481352037
    ],
    [
      0.32104135264825134,
      -0.17176239644433333,
      -0.07272151297967147
    ],
    [
      -0.018347561526769623,
      0.24662598826018767,
      0.1558066436494866
    ]
  ],
  "scales_mm": [
    1.0,
    0.6496338242624775,
    0.739270466511798,
    0.7663907388607716,
    0.833880030295068
  ],
  "scales_us": [
    0.7002599292222368,
    0.700259929222236,
    0.7002599292222359,
    0.7002599292222358,
    0.7002599292222356
  ],
  "centroid_mm_std": [
    0.22062795790538497,
    0.2658420362726216,
    0.2133252735888402
  ],
  "centroid_us_std": [
    0.1380191290163642,
    0.16798430329941838,
    0.12324075623976634
  ],
  "scale_mm_std": 0.11709147369918818,
  "scale_us_std": 4.2998752849492583e-16
}