{
  "centroids_mm": [
    [
      0.0,
      0.5,
      0.0
    ],
    [
      0.2813056875713797,
      0.18812032591101144,
      -0.3523707380215284
    ],
    [
      -0.2839244557544234,
      0.19043363243873623,
      0.21974608606322962
    ],
    [
      -0.3228919490825071,
      -0.4145500104582605,
      0.2535523015336016
    ],
    [
      0.041911195450230324,
      0.5382881731916703,
      -0.2498085567052617
    ]
  ],
  "centroids_us": [
    [
      0.021710707317073325,
      0.30250146341463324,
      -0.004353570493753718
    ],
    [
      0.18040159291230218,
      0.07693601644916732,
      -0.22886997810165213
    ],
    [
      -0.15339624690903356,
      0.08871949415706015,
      0.1173283810578346
    ],
    [
      -0.23488982810532524,
      -0.2524492368866898,
      0.18835308266595643
    ],
    [
      0.0411211767860428,
      0.3593642893031546,
      -0.16561141736327042
    ]
  ],
  "scales_mm": [
    1.0,
    0.5988625430100252,
    0.658253102838821,
    0.7871706748622463,
    0.8927206551378133
  ],
  "scales_us": [
    0.7002599292222368,
    0.7002599292222361,
    0.7002599292222357,
    0.700259929222236,
    0.7002599292222357
  ],
  "centroid_mm_std": [
    0.22346185704367727,
    0.3412747265053688,
    0.24323836306206678
  ],
  "centroid_us_std": [
    0.14778540482310867,
    0.21542013701204113,
    0.15958375842739278
  ],
  "scale_mm_std": 0.14732043083941296,
  "scale_us_std": 4.094300213216723e-16
}