{
    "vmin": [
        -0.5,
        0.0,
        -0.0225
    ],
    "vmax": [
        0.5,
        0.84317,
        0.0225
    ],
    "centroid": [
        -0.0039873706422020655,
        0.4108673321100909,
        -0.00045412844036697253
    ],
    "scale": 0.6142682859356015,
    "bins": 1024,
    "shifted_mm": 