{
    "vmin": [
        -0.208906,
        0.0,
        -0.5
    ],
    "vmax": [
        0.208906,
        0.611761,
        0.5
    ],
    "centroid": [
        -0.013190471728082005,
        0.3863740422490502,
        -0.0035868011435831793
    ],
    "scale": 0.6106223757604528,
    "bins": 1024,
    "shifted_mm": false,
    "shifted_us": true
}