{
  "centroids_mm": [
    [
      0.0,
      0.0,
      0.0
    ],
    [
      -0.05659257823890096,
      -0.01930641017616974,
      0.08829845015192817
    ],
    [
      0.04470869149848089,
      0.06503526315223462,
      0.011095920506929868
    ],
    [
      -0.08794494658921148,
      0.07579203975121884,
      0.041125193167801166
    ],
    [
      0.04827162552672548,
      -0.04332182284047814,
      0.06477755817517683
    ]
  ],
  "centroids_us": [
    [
      -2.6020852139652106e-18,
      0.0,
      2.7755575615628914e-17
    ],
    [
      -0.05659257823890079,
      -0.019306410176169932,
      0.08829845015192817
    ],
    [
      0.04470869149848091,
      0.06503526315223455,
      0.011095920506929811
    ],
    [
      -0.08794494658921133,
      0.0757920397512193,
      0.04112519316780114
    ],
    [
      0.04827162552672557,
      -0.04332182284047817,
      0.06477755817517662
    ]
  ],
  "scales_mm": [
    2.0,
    2.426568899742716,
    2.486857724108866,
    2.8062596021596047,
    2.5625754589051146
  ],
  "scales_us": [
    1.4142137811865645,
    1.4142137811865652,
    1.4142137811865645,
    1.414213781186565,
    1.4142137811865645
  ],
  "centroid_mm_std": [
    0.054285212228594504,
    0.04690526120769551,
    0.0327956327791024
  ],
  "centroid_us_std": [
    0.054285212228594455,
    0.04690526120769565,
    0.03279563277910237
  ],
  "scale_mm_std": 0.26221879532239534,
  "scale_us_std": 3.580361673049448e-16
}