{
  "centroids_mm": [
    [
      0.0,
      0.0,
      0.0
    ],
    [
      -0.008002235378096634,
      0.021127808615653665,
      -0.038366615291913764
    ],
    [
      0.06415390931956355,
      0.07849936498136167,
      -0.008151655806979186
    ],
    [
      -0.05084732151859361,
      0.08761932357265012,
      -0.01187431507282799
    ],
    [
      0.09487859091850348,
      -0.022820891787755926,
      0.09854694003537917
    ]
  ],
  "centroids_us": [
    [
      -2.6020852139652106e-18,
      0.0,
      2.7755575615628914e-17
    ],
    [
      -0.008002235378096597,
      0.021127808615653425,
      -0.03836661529191366
    ],
    [
      0.06415390931956358,
      0.07849936498136179,
      -0.008151655806979173
    ],
    [
      -0.050847321518593606,
      0.08761932357265013,
      -0.011874315072827843
    ],
    [
      0.09487859091850347,
      -0.022820891787756096,
      0.09854694003537895
    ]
  ],
  "scales_mm": [
    2.0,
    2.718076044401305,
    2.808180796147092,
    2.8235449783459603,
    2.6589215810535456
  ],
  "scales_us": [
    1.4142137811865645,
    1.4142137811865645,
    1.4142137811865647,
    1.4142137811865647,
    1.4142137811865652
  ],
  "centroid_mm_std": [
    0.052459188985375875,
    0.043357392965104484,
    0.04704991176037846
  ],
  "centroid_us_std": [
    0.052459188985375875,
    0.04335739296510457,
    0.04704991176037834
  ],
  "scale_mm_std": 0.30682571165471484,
  "scale_us_std": 2.432376777795247e-16
}