mesh,mean_uniform_mse,std_uniform_mse,mean_adaptive_mse,std_adaptive_mse,mean_uniform_mae,mean_adaptive_mae,scale_us_variance
branch,2.3166210942152875e-06,1.603284619617432e-08,1.8884869505258485e-06,2.2098565587560665e-08,0.0013172380663262191,0.0011838683995658125,2.044740276336181e-15
cylinder,2.5232506751761057e-06,6.002472033383509e-08,1.142110614841864e-06,8.494823533249559e-08,0.0013824181634277354,0.0009069189227844488,2.432376777795247e-16
explosive,3.979679207501313e-07,1.8640199943177355e-08,2.8577462506325387e-07,2.5573953297231616e-09,0.0005492521574576066,0.0004579772869249297,6.933340566559918e-16
fence,4.579719707720745e-07,5.657960218310386e-08,2.803593655560463e-07,9.259612720654145e-09,0.0005801119717230565,0.00045509541959114436,3.6821932062951477e-16
girl,3.5771141877373956e-07,3.3468983660280893e-09,3.5723047596701273e-07,3.593662635122618e-09,0.0005179714839693054,0.0005175872559088112,3.813741331030777e-16
person,1.8067663638765921e-06,3.254569599103231e-08,1.2308925241655167e-06,3.2793669822512613e-08,0.0011639507836807166,0.0009454169481274706,7.870533818139654e-15
table,4.7239011200465195e-07,3.1273710332343217e-09,3.764116431831286e-07,4.376436097204587e-09,0.0005960848131963143,0.0005272520610053314,1.0625710190841708e-15
talwar,6.160671656902894e-07,1.05147740716236e-08,5.247241651436663e-07,8.590787661048044e-09,0.0006790323301576758,0.0006244727395475491,4.094300213216723e-16
