{
    "vmin": [
        -0.5,
        0.0,
        -0.181411
    ],
    "vmax": [
        0.5,
        0.904419,
        0.181411
    ],
    "centroid": [
        0.0019820332142856706,
        0.40218390690476236,
        0.014128023333333274
    ],
    "scale": 0.5305754183275478,
    "bins": 1024,
    "shifted_mm": false,
    "shifted_us": true
}