{
  "centroids_mm": [
    [
      0.0,
      0.5,
      0.0
    ],
    [
      0.11499690646847949,
      0.14244464009312274,
      0.4215458361000517
    ],
    [
      0.4078782965479635,
      0.22727208765827428,
      0.2541756631890408
    ],
    [
      -0.39578248680462536,
      -0.007304274474188258,
      0.24572549241971015
    ],
    [
      0.21944160507880525,
      -0.17503148257025114,
      0.26651879574923965
    ]
  ],
  "centroids_us": [
    [
      0.04325588291139213,
      0.5303887939521789,
      -0.0045929810126583
    ],
    [
      0.1568152501521462,
      0.15444478500722283,
      0.4596259735312526
    ],
    [
      0.46820702910512185,
      0.23277355272289962,
      0.2594482677705997
    ],
    [
      -0.4188319349146131,
      0.014509224271891576,
      0.3002475652835927
    ],
    [
      0.27813995924711304,
      -0.18617117740205166,
      0.32093813927905646
    ]
  ],
  "scales_mm": [
    1.0,
    0.9778517952361898,
    0.9321290032810774,
    0.980503001745362,
    0.7967347065557582
  ],
  "scales_us": [
    0.5504779595119365,
    0.5504779595119387,
    0.5504779595119363,
    0.5504779595119371,
    0.5504779595119371
  ],
  "centroid_mm_std": [
    0.2684660801764476,
    0.22721528551492132,
    0.13525302463845532
  ],
  "centroid_us_std": [
    0.29758780418125524,
    0.2378791181320528,
    0.15161739753182715
  ],
  "scale_mm_std": 0.07379359746537761,
  "scale_us_std": 8.322971118520123e-16
}