{
  "centroids_mm": [
    [
      0.0,
      0.5,
      0.0
    ],
    [
      -0.03117838678298053,
      -0.26436316819640304,
      -0.3062601054291688
    ],
    [
      0.1442878340304675,
      0.38767404955543416,
      0.04194585815133031
    ],
    [
      0.23100600005717298,
      0.33247474103866803,
      0.24471624506782205
    ],
    [
      0.0033615623918610282,
      -0.5186036967931466,
      0.06758256122533113
    ]
  ],
  "centroids_us": [
    [
      0.04325588291139213,
      0.5303887939521789,
      -0.0045929810126583
    ],
    [
      -0.07422861779066373,
      -0.3004430010123658,
      -0.36062373707629963
    ],
    [
      0.10179416626139766,
      0.43178130845746987,
      0.04360140513518416
    ],
    [
      0.2904346825571445,
      0.3524881566049992,
      0.29795038995123496
    ],
    [
      0.03293033390271732,
      -0.5640201891538175,
      0.04713105741909492
    ]
  ],
  "scales_mm": [
    1.0,
    0.8805564918294173,
    1.0023915615231196,
    0.7959689133977033,
    0.9990052153634493
  ],
  "scales_us": [
    0.5504779595119365,
    0.5504779595119383,
    0.5504779595119382,
    0.5504779595119372,
    0.5504779595119375
  ],
  "centroid_mm_std": [
    0.10101295814121533,
    0.40285051667801924,
    0.1786323860864139
  ],
  "centroid_us_std": [
    0.12008591256343643,
    0.4381426530839954,
    0.21111953831887043
  ],
  "scale_mm_std": 0.08385144119491385,
  "scale_us_std": 6.933340566559918e-16
}