{
    "vmin": [
        -0.84375,
        -0.0,
        -0.212891
    ],
    "vmax": [
        0.841797,
        1.900391,
        0.210938
    ],
    "centroid": [
        0.0050029414037346745,
        1.1592420882163768,
        -0.0035994043786219876
    ],
    "scale": 1.1872051393818255,
    "bins": 1024,
    "shifted_mm": false,
    "shifted_us": true
}