{
  "centroids_mm": [
    [
      -0.0009764999999999913,
      0.9501955,
      -0.0009765000000000051
    ],
    [
      -0.06648970773604995,
      0.10302523608790397,
      0.9503929712787532
    ],
    [
      0.17389792780530808,
      0.9421935353862747,
      0.046276658752745115
    ],
    [
      -0.4055841065269694,
      -0.5566893848278133,
      -0.6518869519963864
    ],
    [
      0.5214043723270307,
      -0.5339293588825335,
      -0.3980868118181793
    ]
  ],
  "centroids_us": [
    [
      0.0050029414037346745,
      1.1592420882163768,
      -0.0035994043786219876
    ],
    [
      -0.06432148026838158,
      0.16181983790105753,
      1.164524235181137
    ],
    [
      0.23216226432882858,
      1.156726077872206,
      0.04173731512186365
    ],
    [
      -0.5093874510483921,
      -0.7609577079939859,
      -0.8269633948783723
    ],
    [
      0.6120306483154497,
      -0.7419294353222393,
      -0.5574351511066659
    ]
  ],
  "scales_mm": [
    1.900391,
    1.9115728643621417,
    1.8874771980710592,
    1.5077764585360438,
    1.4888250727842498
  ],
  "scales_us": [
    1.1872051393818255,
    1.1872051393818033,
    1.187205139381808,
    1.1872051393818106,
    1.187205139381806
  ],
  "centroid_mm_std": [
    0.30369198935319625,
    0.6682016144337429,
    0.5455693746975812
  ],
  "centroid_us_std": [
    0.3679511054661247,
    0.8541045229929287,
    0.6849625440630088
  ],
  "scale_mm_std": 0.19693934582829278,
  "scale_us_std": 7.797528728379876e-15
}