{
  "centroids_mm": [
    [
      -0.0009764999999999913,
      0.9501955,
      -0.0009765000000000051
    ],
    [
      0.3885164642599011,
      0.08341889617721054,
      0.7362326852403863
    ],
    [
      0.7913017073024479,
      -0.3013331905507482,
      -0.44781280774983095
    ],
    [
      0.1142231448988672,
      -0.8111759348476145,
      0.3216193465568936
    ],
    [
      -0.3045969358478098,
      0.849486681536787,
      -0.2466181199563524
    ]
  ],
  "centroids_us": [
    [
      0.0050029414037346745,
      1.1592420882163768,
      -0.0035994043786219876
    ],
    [
      0.5259534392780665,
      0.08007420319983502,
      0.9689314893575611
    ],
    [
      1.0196638537387033,
      -0.3432959827591426,
      -0.5885284552603484
    ],
    [
      0.10498850318775564,
      -1.0363731396086786,
      0.4331533916018988
    ],
    [
      -0.36334923447969697,
      1.0611495949136438,
      -0.24008111283774697
    ]
  ],
  "scales_mm": [
    1.900391,
    1.8082315066549366,
    1.7047541551630954,
    1.824198848809513,
    1.8186756883969641
  ],
  "scales_us": [
    1.1872051393818255,
    1.187205139381803,
    1.1872051393818102,
    1.18720513938181,
    1.187205139381805
  ],
  "centroid_mm_std": [
    0.37081447072373647,
    0.6725330505152484,
    0.4196575065733593
  ],
  "centroid_us_std": [
    0.4744311860840833,
    0.8364975361675693,
    0.5413900665168335
  ],
  "scale_mm_std": 0.062481049421361595,
  "scale_us_std": 7.870533818139654e-15
}