{
    "vmin": [
        -0.031922,
        0.0,
        -0.117146
    ],
    "vmax": [
        0.031922,
        1.0,
        0.117146
    ],
    "centroid": [
        0.021710707317073325,
        0.30250146341463324,
        -0.004353570493753718
    ],
    "scale": 0.7002599292222368,
    "bins": 1024,
    "shifted_mm": 