{
    "vmin": [
        -0.199625,
        -0.0,
        -0.197126
    ],
    "vmax": [
        0.199625,
        1.0,
        0.197126
    ],
    "centroid": [
        0.04325588291139213,
        0.5303887939521789,
        -0.0045929810126583
    ],
    "scale": 0.5504779595119365,
    "bins": 1024,
    "shifted_mm": false,
    "shifted_us": true
}