{
  "centroids_mm": [
    [
      0.0,
      0.3058805,
      0.0
    ],
    [
      0.1496162196526634,
      -0.004633022804074016,
      0.3288713215737232
    ],
    [
      0.22336256940317745,
      -0.09517711110061627,
      -0.1354408636044365
    ],
    [
      -0.02147221375754524,
      -0.248106077084207,
      0.20446409015377934
    ],
    [
      0.061965279551353614,
      -0.35247518938776556,
      -0.09149751557558108
    ]
  ],
  "centroids_us": [
    [
      -0.013190471728082005,
      0.3863740422490502,
      -0.0035868011435831793
    ],
    [
      0.13890923380214568,
      0.0005854857129873685,
      0.4017699489050607
    ],
    [
      0.25714788571516645,
      -0.10996143456721488,
      -0.15371340299041691
    ],
    [
      -0.017025320365078738,
      -0.3173456658544231,
      0.18654968894781726
    ],
    [
      0.06598140992420119,
      -0.412582532286025,
      -0.08162135916796452
    ]
  ],
  "scales_mm": [
    1.0,
    1.0786121939263982,
    1.1466160687599116,
    1.1011459773235106,
    1.1362883865910376
  ],
  "scales_us": [
    0.6106223757604528,
    0.6106223757604506,
    0.6106223757604501,
    0.6106223757604498,
    0.6106223757604503
  ],
  "centroid_mm_std": [
    0.09207041596138091,
    0.2268526579852512,
    0.1777088095147218
  ],
  "centroid_us_std": [
    0.10290192573378108,
    0.27974282547962875,
    0.2010506389263606
  ],
  "scale_mm_std": 0.05228736078672935,
  "scale_us_std": 1.0625710190841708e-15
}