{
  "centroids_mm": [
    [
      0.0,
      0.3058805,
      0.0
    ],
    [
      0.06569434905103336,
      0.14843834401428446,
      -0.20753733989404022
    ],
    [
      0.11053253458020662,
      0.2257140888318689,
      -0.08994974262050676
    ],
    [
      0.0026525129928632873,
      -0.2707960892793867,
      0.0024545462024047615
    ],
    [
      0.07856282071062085,
      -0.16228664907334553,
      0.2981591359010113
    ]
  ],
  "centroids_us": [
    [
      -0.013190471728082005,
      0.3863740422490502,
      -0.0035868011435831793
    ],
    [
      0.08570687315481208,
      0.1295393438146988,
      -0.2730430341701952
    ],
    [
      0.08784450291847892,
      0.30460604541184405,
      -0.07075663316638828
    ],
    [
      -0.004660864924378123,
      -0.34403950789362314,
      -0.03354916121303146
    ],
    [
      0.07832560630989358,
      -0.21906963716988295,
      0.32666915865168616
    ]
  ],
  "scales_mm": [
    1.0,
    1.0720153486848194,
    1.0685944995185666,
    1.0704488980175313,
    1.0783560997913035
  ],
  "scales_us": [
    0.6106223757604528,
    0.6106223757604504,
    0.6106223757604506,
    0.6106223757604504,
    0.6106223757604505
  ],
  "centroid_mm_std": [
    0.043490325976948435,
    0.2253948849799174,
    0.1673712302882962
  ],
  "centroid_us_std": [
    0.04569318775725384,
    0.287037580408049,
    0.19329830844825904
  ],
  "scale_mm_std": 0.029127137855726556,
  "scale_us_std": 9.033150053209478e-16
}